Fold Size,Mean RMSE,Std Deviation RMSE
10,0.3653312149899978,0.014784822992542584
20,0.36502555485142313,0.02135813566888351
50,0.36291256014317774,0.0362093225965742
5000,0.2835022381274097,0.23114374028173873
